CountryName,MortalityYear,Class,Deaths,GDP,Health_Expenditure,Number_of_Physicians_per1000_people,Population,Zone
Argentina,1997,Bronchitis,282,8543.028534000001,450.2251496618951,2.839366436819649,35657429.0,SouthAmerica
Argentina,1997,Tuberculosis,144,8543.028534000001,450.2251496618951,2.839366436819649,35657429.0,SouthAmerica
Argentina,1998,Bronchitis,282,8772.06321,478.26847392350805,3.0021,36063459.0,SouthAmerica
Argentina,1998,Tuberculosis,127,8772.06321,478.26847392350805,3.0021,36063459.0,SouthAmerica
Argentina,1999,Bronchitis,314,8381.253998,437.32830351590724,2.8348593053745574,36467218.0,SouthAmerica
Argentina,1999,Tuberculosis,154,8381.253998,437.32830351590724,2.8348593053745574,36467218.0,SouthAmerica
Argentina,2000,Bronchitis,217,8224.112826999999,705.1993209,3.042453607524113,36870787.0,SouthAmerica
Argentina,2000,Tuberculosis,130,8224.112826999999,705.1993209,3.042453607524113,36870787.0,SouthAmerica
Argentina,2001,Bronchitis,262,7776.137872,671.5294393999999,3.2311,37275652.0,SouthAmerica
Argentina,2001,Tuberculosis,125,7776.137872,671.5294393999999,3.2311,37275652.0,SouthAmerica
Argentina,2002,Bronchitis,217,6854.294081,223.3797079,2.7851629871081007,37681749.0,SouthAmerica
Argentina,2002,Tuberculosis,114,6854.294081,223.3797079,2.7851629871081007,37681749.0,SouthAmerica
Argentina,2003,Bronchitis,245,7380.467087000001,261.4896648,2.767958583481109,38087868.0,SouthAmerica
Argentina,2003,Tuberculosis,70,7380.467087000001,261.4896648,2.767958583481109,38087868.0,SouthAmerica
Argentina,2004,Bronchitis,200,7962.412309,299.6279442,3.1662,38491972.0,SouthAmerica
Argentina,2004,Tuberculosis,100,7962.412309,299.6279442,3.1662,38491972.0,SouthAmerica
Argentina,2005,Bronchitis,197,8577.864994,390.9911012,3.21,38892931.0,SouthAmerica
Argentina,2005,Tuberculosis,98,8577.864994,390.9911012,3.21,38892931.0,SouthAmerica
Argentina,2006,Bronchitis,154,9174.502458,448.41903219999995,2.753381775823991,39289878.0,SouthAmerica
Argentina,2006,Tuberculosis,92,9174.502458,448.41903219999995,2.753381775823991,39289878.0,SouthAmerica
Argentina,2007,Bronchitis,178,9901.511881,552.2446557,2.7692170073461497,39684295.0,SouthAmerica
Argentina,2007,Tuberculosis,101,9901.511881,552.2446557,2.7692170073461497,39684295.0,SouthAmerica
Argentina,2008,Bronchitis,128,10201.47594,693.855999,2.8469071251781726,40080160.0,SouthAmerica
Argentina,2008,Tuberculosis,79,10201.47594,693.855999,2.8469071251781726,40080160.0,SouthAmerica
Argentina,2009,Bronchitis,140,9502.243585,742.7024061000003,2.9346914862961957,40482788.0,SouthAmerica
Argentina,2009,Tuberculosis,83,9502.243585,742.7024061000003,2.9346914862961957,40482788.0,SouthAmerica
Argentina,2010,Bronchitis,160,10385.96443,890.9648311000003,3.21,40788453.0,SouthAmerica
Argentina,2010,Tuberculosis,70,10385.96443,890.9648311000003,3.21,40788453.0,SouthAmerica
Argentina,2011,Bronchitis,120,10883.31536,1068.380357,3.0599174194468994,41261490.0,SouthAmerica
Argentina,2011,Tuberculosis,76,10883.31536,1068.380357,3.0599174194468994,41261490.0,SouthAmerica
Argentina,2012,Bronchitis,117,10649.83729,1161.002061,3.142703866982414,41733271.0,SouthAmerica
Argentina,2012,Tuberculosis,86,10649.83729,1161.002061,3.142703866982414,41733271.0,SouthAmerica
Argentina,2013,Bronchitis,137,10784.6307,1207.898086,3.9066,42202935.0,SouthAmerica
Argentina,2013,Tuberculosis,103,10784.6307,1207.898086,3.9066,42202935.0,SouthAmerica
Argentina,2014,Bronchitis,165,10398.69401,1086.727284,3.0984630998004996,42669500.0,SouthAmerica
Argentina,2014,Tuberculosis,65,10398.69401,1086.727284,3.0984630998004996,42669500.0,SouthAmerica
Argentina,2015,Bronchitis,159,10568.15781,1298.6831630000001,3.2381065658577692,43131966.0,SouthAmerica
Argentina,2015,Tuberculosis,81,10568.15781,1298.6831630000001,3.2381065658577692,43131966.0,SouthAmerica
Argentina,2016,Bronchitis,183,10239.48135,955.2009489,3.004559549768345,43590368.0,SouthAmerica
Argentina,2016,Tuberculosis,73,10239.48135,955.2009489,3.004559549768345,43590368.0,SouthAmerica
Argentina,2017,Bronchitis,219,10404.26351,710.180397495107,3.96,44044811.0,SouthAmerica
Argentina,2017,Tuberculosis,86,10404.26351,710.180397495107,3.96,44044811.0,SouthAmerica
Brazil,1996,Bronchitis,1094,8591.014709000001,1268.2778766684637,1.2532,164614688.0,SouthAmerica
Brazil,1996,Tuberculosis,650,8591.014709000001,1268.2778766684637,1.2532,164614688.0,SouthAmerica
Brazil,1997,Bronchitis,1037,8744.846345999998,1301.7445227215396,1.2885,167209040.0,SouthAmerica
Brazil,1997,Tuberculosis,622,8744.846345999998,1301.7445227215396,1.2885,167209040.0,SouthAmerica
Brazil,1998,Bronchitis,1158,8641.275309,1306.4561772743427,1.273,169785250.0,SouthAmerica
Brazil,1998,Tuberculosis,621,8641.275309,1306.4561772743427,1.273,169785250.0,SouthAmerica
Brazil,1999,Bronchitis,1066,8554.072776,1312.7195422252819,1.3699,172318675.0,SouthAmerica
Brazil,1999,Tuberculosis,637,8554.072776,1312.7195422252819,1.3699,172318675.0,SouthAmerica
Brazil,2000,Bronchitis,1090,8803.152529,245.3573234,1.1304,174790340.0,SouthAmerica
Brazil,2000,Tuberculosis,696,8803.152529,245.3573234,1.1304,174790340.0,SouthAmerica
Brazil,2001,Bronchitis,1032,8804.329488,212.00836719999998,1.3852,177196054.0,SouthAmerica
Brazil,2001,Tuberculosis,687,8804.329488,212.00836719999998,1.3852,177196054.0,SouthAmerica
Brazil,2002,Bronchitis,939,8954.837245,231.33344259999998,1.4133,179537520.0,SouthAmerica
Brazil,2002,Tuberculosis,687,8954.837245,231.33344259999998,1.4133,179537520.0,SouthAmerica
Brazil,2003,Bronchitis,997,8943.828483,239.7876977,1.4696,181809246.0,SouthAmerica
Brazil,2003,Tuberculosis,693,8943.828483,239.7876977,1.4696,181809246.0,SouthAmerica
Brazil,2004,Bronchitis,939,9346.039343,291.6991748000001,1.5807,184006481.0,SouthAmerica
Brazil,2004,Tuberculosis,780,9346.039343,291.6991748000001,1.5807,184006481.0,SouthAmerica
Brazil,2005,Bronchitis,853,9535.41883,393.1676892,1.6592,186127103.0,SouthAmerica
Brazil,2005,Tuberculosis,848,9535.41883,393.1676892,1.6592,186127103.0,SouthAmerica
Brazil,2006,Bronchitis,828,9805.724506,488.19966380000005,1.6931,188167356.0,SouthAmerica
Brazil,2006,Tuberculosis,900,9805.724506,488.19966380000005,1.6931,188167356.0,SouthAmerica
Brazil,2007,Bronchitis,901,10293.53034,604.9819785,1.7225,190130443.0,SouthAmerica
Brazil,2007,Tuberculosis,903,10293.53034,604.9819785,1.7225,190130443.0,SouthAmerica
Brazil,2008,Bronchitis,801,10710.87222,712.8293804,1.7714,192030362.0,SouthAmerica
Brazil,2008,Tuberculosis,932,10710.87222,712.8293804,1.7714,192030362.0,SouthAmerica
Brazil,2009,Bronchitis,789,10594.98659,721.8451213,1.8077,193886508.0,SouthAmerica
Brazil,2009,Tuberculosis,958,10594.98659,721.8451213,1.8077,193886508.0,SouthAmerica
Brazil,2010,Bronchitis,811,11286.24302,1090.782516,1.8039,195713635.0,SouthAmerica
Brazil,2010,Tuberculosis,946,11286.24302,1090.782516,1.8039,195713635.0,SouthAmerica
Brazil,2011,Bronchitis,861,11627.81065,1288.081169,1.8382,197514534.0,SouthAmerica
Brazil,2011,Tuberculosis,791,11627.81065,1288.081169,1.8382,197514534.0,SouthAmerica
Brazil,2012,Bronchitis,805,11745.77593,1234.0476099999996,1.6065568837149449,199287296.0,SouthAmerica
Brazil,2012,Tuberculosis,793,11745.77593,1234.0476099999996,1.6065568837149449,199287296.0,SouthAmerica
Brazil,2013,Bronchitis,819,11993.4862,1250.55952,1.8693,201035903.0,SouthAmerica
Brazil,2013,Tuberculosis,939,11993.4862,1250.55952,1.8693,201035903.0,SouthAmerica
Brazil,2014,Bronchitis,759,11951.21238,1301.1013460000001,1.6069360514827202,202763735.0,SouthAmerica
Brazil,2014,Tuberculosis,908,11951.21238,1301.1013460000001,1.6069360514827202,202763735.0,SouthAmerica
Brazil,2015,Bronchitis,723,11431.14446,1002.998558,1.4103232323440693,204471769.0,SouthAmerica
Brazil,2015,Tuberculosis,914,11431.14446,1002.998558,1.4103232323440693,204471769.0,SouthAmerica
Brazil,2016,Bronchitis,701,10962.62678,1015.9344480000001,1.4408708447530194,206163058.0,SouthAmerica
Brazil,2016,Tuberculosis,1059,10962.62678,1015.9344480000001,1.4408708447530194,206163058.0,SouthAmerica
Brazil,2017,Bronchitis,692,10990.18484,1807.6043316880139,2.1502,207833831.0,SouthAmerica
Brazil,2017,Tuberculosis,1394,10990.18484,1807.6043316880139,2.1502,207833831.0,SouthAmerica
Canada,2000,Bronchitis,250,39340.74816,1998.6344329999997,1.5998352136335927,30685730.0,NorthernAmerica
Canada,2000,Tuberculosis,19,39340.74816,1998.6344329999997,1.5998352136335927,30685730.0,NorthernAmerica
Canada,2001,Bronchitis,228,39462.65326,2054.408799,1.8871,31020902.0,NorthernAmerica
Canada,2001,Tuberculosis,22,39462.65326,2054.408799,1.8871,31020902.0,NorthernAmerica
Canada,2002,Bronchitis,222,40371.70591,2150.886914,1.8969,31360079.0,NorthernAmerica
Canada,2002,Tuberculosis,22,40371.70591,2150.886914,1.8969,31360079.0,NorthernAmerica
Canada,2003,Bronchitis,194,41534.23739,2551.522218,1.8278533633714977,31644028.0,NorthernAmerica
Canada,2003,Tuberculosis,22,41534.23739,2551.522218,1.8278533633714977,31644028.0,NorthernAmerica
Canada,2004,Bronchitis,220,42759.08132,2913.394902,1.8971,31940655.0,NorthernAmerica
Canada,2004,Tuberculosis,11,42759.08132,2913.394902,1.8971,31940655.0,NorthernAmerica
Canada,2005,Bronchitis,244,44473.24069,3282.904795,2.13290280234926,32243753.0,NorthernAmerica
Canada,2005,Tuberculosis,15,44473.24069,3282.904795,2.13290280234926,32243753.0,NorthernAmerica
Canada,2006,Bronchitis,172,45860.22456,3709.824664,1.9086,32571174.0,NorthernAmerica
Canada,2006,Tuberculosis,22,45860.22456,3709.824664,1.9086,32571174.0,NorthernAmerica
Canada,2007,Bronchitis,204,48536.5325,4125.219043,2.4309555574430295,32889025.0,NorthernAmerica
Canada,2007,Tuberculosis,19,48536.5325,4125.219043,2.4309555574430295,32889025.0,NorthernAmerica
Canada,2008,Bronchitis,174,48497.56016,4389.1843149999995,1.959,33247118.0,NorthernAmerica
Canada,2008,Tuberculosis,22,48497.56016,4389.1843149999995,1.959,33247118.0,NorthernAmerica
Canada,2009,Bronchitis,175,46542.90487,4290.7762189999985,2.70466826537928,33628895.0,NorthernAmerica
Canada,2009,Tuberculosis,16,46542.90487,4290.7762189999985,2.70466826537928,33628895.0,NorthernAmerica
Canada,2010,Bronchitis,158,47450.31847,4984.501291,2.0384,34004889.0,NorthernAmerica
Canada,2010,Tuberculosis,13,47450.31847,4984.501291,2.0384,34004889.0,NorthernAmerica
Canada,2011,Bronchitis,151,48466.85091,5297.949208,3.293886386922021,34339328.0,NorthernAmerica
Canada,2011,Tuberculosis,21,48466.85091,5297.949208,3.293886386922021,34339328.0,NorthernAmerica
Canada,2012,Bronchitis,171,48788.33303,5352.773797999998,2.3962,34714222.0,NorthernAmerica
Canada,2012,Tuberculosis,20,48788.33303,5352.773797999998,2.3962,34714222.0,NorthernAmerica
Canada,2013,Bronchitis,214,49400.4583,5295.8817880000015,2.4509,35082954.0,NorthernAmerica
Canada,2013,Tuberculosis,15,49400.4583,5295.8817880000015,2.4509,35082954.0,NorthernAmerica
Canada,2014,Bronchitis,182,50309.1599,5038.1554270000015,2.4961,35437435.0,NorthernAmerica
Canada,2014,Tuberculosis,28,50309.1599,5038.1554270000015,2.4961,35437435.0,NorthernAmerica
Canada,2015,Bronchitis,183,50279.58584,4501.689705,2.5388,35702908.0,NorthernAmerica
Canada,2015,Tuberculosis,26,50279.58584,4501.689705,2.5388,35702908.0,NorthernAmerica
Canada,2016,Bronchitis,141,50263.83433,4458.214999,2.5668,36109487.0,NorthernAmerica
Canada,2016,Tuberculosis,20,50263.83433,4458.214999,2.5668,36109487.0,NorthernAmerica
Canada,2017,Bronchitis,152,51150.75462,5196.656882218933,2.6102,36540268.0,NorthernAmerica
Canada,2017,Tuberculosis,23,51150.75462,5196.656882218933,2.6102,36540268.0,NorthernAmerica
Colombia,1997,Bronchitis,466,5146.511012,85.32407673147236,1.233,37723800.0,SouthAmerica
Colombia,1997,Tuberculosis,215,5146.511012,85.32407673147236,1.233,37723800.0,SouthAmerica
Colombia,1998,Bronchitis,449,5089.422173,83.00856088505759,1.2677,38364309.0,SouthAmerica
Colombia,1998,Tuberculosis,236,5089.422173,83.00856088505759,1.2677,38364309.0,SouthAmerica
Colombia,1999,Bronchitis,468,4796.058236,54.36953610741716,1.3003,38999471.0,SouthAmerica
Colombia,1999,Tuberculosis,226,4796.058236,54.36953610741716,1.3003,38999471.0,SouthAmerica
Colombia,2000,Bronchitis,460,4857.801152,135.3859344,2.859199180298856,39629968.0,SouthAmerica
Colombia,2000,Tuberculosis,234,4857.801152,135.3859344,2.859199180298856,39629968.0,SouthAmerica
Colombia,2001,Bronchitis,472,4862.501547,133.2450412,2.8512621734651282,40255967.0,SouthAmerica
Colombia,2001,Tuberculosis,238,4862.501547,133.2450412,2.8512621734651282,40255967.0,SouthAmerica
Colombia,2002,Bronchitis,414,4908.7301229999985,126.4276288,1.4135,40875360.0,SouthAmerica
Colombia,2002,Tuberculosis,239,4908.7301229999985,126.4276288,1.4135,40875360.0,SouthAmerica
Colombia,2003,Bronchitis,416,5026.242155,127.621257,2.8224066114236948,41483869.0,SouthAmerica
Colombia,2003,Tuberculosis,223,5026.242155,127.621257,2.8224066114236948,41483869.0,SouthAmerica
Colombia,2004,Bronchitis,348,5219.7923310000015,141.8265738,2.8119917389606837,42075955.0,SouthAmerica
Colombia,2004,Tuberculosis,220,5219.7923310000015,141.8265738,2.8119917389606837,42075955.0,SouthAmerica
Colombia,2005,Bronchitis,316,5392.190579,187.1782141,1.4509999999999998,42647723.0,SouthAmerica
Colombia,2005,Tuberculosis,189,5392.190579,187.1782141,1.4509999999999998,42647723.0,SouthAmerica
Colombia,2006,Bronchitis,342,5684.022856000001,214.3140375,1.4742,43200897.0,SouthAmerica
Colombia,2006,Tuberculosis,162,5684.022856000001,214.3140375,1.4742,43200897.0,SouthAmerica
Colombia,2007,Bronchitis,330,5998.788143,269.5802367,1.4974,43737516.0,SouthAmerica
Colombia,2007,Tuberculosis,198,5998.788143,269.5802367,1.4974,43737516.0,SouthAmerica
Colombia,2008,Bronchitis,275,6121.74515,327.8603515000001,1.5206,44254975.0,SouthAmerica
Colombia,2008,Tuberculosis,179,6121.74515,327.8603515000001,1.5206,44254975.0,SouthAmerica
Colombia,2009,Bronchitis,234,6126.995515,329.27132439999997,1.5438,44750054.0,SouthAmerica
Colombia,2009,Tuberculosis,180,6126.995515,329.27132439999997,1.5438,44750054.0,SouthAmerica
Colombia,2010,Bronchitis,241,6326.549469,391.0363598,1.5676,45222700.0,SouthAmerica
Colombia,2010,Tuberculosis,159,6326.549469,391.0363598,1.5676,45222700.0,SouthAmerica
Colombia,2011,Bronchitis,252,6726.834686,418.93272360000003,1.6694,45663099.0,SouthAmerica
Colombia,2011,Tuberculosis,137,6726.834686,418.93272360000003,1.6694,45663099.0,SouthAmerica
Colombia,2012,Bronchitis,292,6926.625198999999,448.23161280000005,1.74,46076848.0,SouthAmerica
Colombia,2012,Tuberculosis,140,6926.625198999999,448.23161280000005,1.74,46076848.0,SouthAmerica
Colombia,2013,Bronchitis,213,7177.465798,466.6201959,1.8064,46497267.0,SouthAmerica
Colombia,2013,Tuberculosis,157,7177.465798,466.6201959,1.8064,46497267.0,SouthAmerica
Colombia,2014,Bronchitis,197,7441.3103340000025,459.47532469999993,1.8214,46969209.0,SouthAmerica
Colombia,2014,Tuberculosis,148,7441.3103340000025,459.47532469999993,1.8214,46969209.0,SouthAmerica
Colombia,2015,Bronchitis,201,7572.365505,364.04180299999996,1.9379,47520667.0,SouthAmerica
Colombia,2015,Tuberculosis,130,7572.365505,364.04180299999996,1.9379,47520667.0,SouthAmerica
Colombia,2016,Bronchitis,171,7626.002946,340.3654688000001,2.0036,48171392.0,SouthAmerica
Colombia,2016,Tuberculosis,132,7626.002946,340.3654688000001,2.0036,48171392.0,SouthAmerica
Colombia,2017,Bronchitis,174,7613.726576999998,430.2875319819834,2.0835,48901066.0,SouthAmerica
Colombia,2017,Tuberculosis,152,7613.726576999998,430.2875319819834,2.0835,48901066.0,SouthAmerica
Cuba,2001,Bronchitis,69,3579.395475,197.67107140000002,5.9289999999999985,11164667.0,Caribbean
Cuba,2001,Tuberculosis,26,3579.395475,197.67107140000002,5.9289999999999985,11164667.0,Caribbean
Cuba,2002,Bronchitis,51,3619.05531,212.94424869999997,5.9796,11199651.0,Caribbean
Cuba,2002,Tuberculosis,30,3619.05531,212.94424869999997,5.9796,11199651.0,Caribbean
Cuba,2003,Bronchitis,65,3746.437815,226.6064381,6.0487,11229183.0,Caribbean
Cuba,2003,Tuberculosis,35,3746.437815,226.6064381,6.0487,11229183.0,Caribbean
Cuba,2004,Bronchitis,65,3955.166666,231.45393230000002,6.1874,11250365.0,Caribbean
Cuba,2004,Tuberculosis,30,3955.166666,231.45393230000002,6.1874,11250365.0,Caribbean
Cuba,2005,Bronchitis,81,4393.830048,330.8130535,6.2559,11261582.0,Caribbean
Cuba,2005,Tuberculosis,23,4393.830048,330.8130535,6.2559,11261582.0,Caribbean
Cuba,2006,Bronchitis,46,4924.129609000001,386.20797410000006,6.3286,11261248.0,Caribbean
Cuba,2006,Tuberculosis,24,4924.129609000001,386.20797410000006,6.3286,11261248.0,Caribbean
Cuba,2007,Bronchitis,52,5286.480195,568.5514294,6.4064,11251122.0,Caribbean
Cuba,2007,Tuberculosis,21,5286.480195,568.5514294,6.4064,11251122.0,Caribbean
Cuba,2008,Bronchitis,71,5511.046965,608.3164586,6.5918,11236971.0,Caribbean
Cuba,2008,Tuberculosis,30,5511.046965,608.3164586,6.5918,11236971.0,Caribbean
Cuba,2009,Bronchitis,69,5596.139681000002,674.0886121,6.6157,11226709.0,Caribbean
Cuba,2009,Tuberculosis,24,5596.139681000002,674.0886121,6.6157,11226709.0,Caribbean
Cuba,2010,Bronchitis,41,5730.354775,606.6446217,6.7507,11225832.0,Caribbean
Cuba,2010,Tuberculosis,36,5730.354775,606.6446217,6.7507,11225832.0,Caribbean
Cuba,2011,Bronchitis,77,5885.254625,692.5553157,6.9242,11236670.0,Caribbean
Cuba,2011,Tuberculosis,29,5885.254625,692.5553157,6.9242,11236670.0,Caribbean
Cuba,2012,Bronchitis,65,6051.685746,597.5241371000002,7.2099,11257101.0,Caribbean
Cuba,2012,Tuberculosis,25,6051.685746,597.5241371000002,7.2099,11257101.0,Caribbean
Cuba,2013,Bronchitis,77,6203.8432630000025,705.1309934999997,7.3341,11282720.0,Caribbean
Cuba,2013,Tuberculosis,29,6203.8432630000025,705.1309934999997,7.3341,11282720.0,Caribbean
Cuba,2014,Bronchitis,98,6255.426161,855.9892766,7.4794,11306902.0,Caribbean
Cuba,2014,Tuberculosis,27,6255.426161,855.9892766,7.4794,11306902.0,Caribbean
Cuba,2015,Bronchitis,102,6522.736799,972.730103,3.6196668925640245,11324781.0,Caribbean
Cuba,2015,Tuberculosis,26,6522.736799,972.730103,3.6196668925640245,11324781.0,Caribbean
Cuba,2016,Bronchitis,113,6550.2743729999975,970.6461639,3.615840766643758,11335109.0,Caribbean
Cuba,2016,Tuberculosis,24,6550.2743729999975,970.6461639,3.615840766643758,11335109.0,Caribbean
Cuba,2017,Bronchitis,184,6666.331728,88.15446090199146,8.19,11339259.0,Caribbean
Cuba,2017,Tuberculosis,22,6666.331728,88.15446090199146,8.19,11339259.0,Caribbean
Ecuador,1997,Bronchitis,516,3908.982803,-214.79533706168746,1.3305,11951452.0,SouthAmerica
Ecuador,1997,Tuberculosis,94,3908.982803,-214.79533706168746,1.3305,11951452.0,SouthAmerica
Ecuador,1998,Bronchitis,514,3954.935436,-208.12567255033218,1.3167,12198449.0,SouthAmerica
Ecuador,1998,Tuberculosis,131,3954.935436,-208.12567255033218,1.3167,12198449.0,SouthAmerica
Ecuador,1999,Bronchitis,514,3693.713265,-235.65562341882975,1.3772,12442115.0,SouthAmerica
Ecuador,1999,Tuberculosis,90,3693.713265,-235.65562341882975,1.3772,12442115.0,SouthAmerica
Ecuador,2000,Bronchitis,468,3663.663784,48.09148439,1.4519,12681123.0,SouthAmerica
Ecuador,2000,Tuberculosis,100,3663.663784,48.09148439,1.4519,12681123.0,SouthAmerica
Ecuador,2001,Bronchitis,426,3741.870191,71.15251427,1.5513,12914667.0,SouthAmerica
Ecuador,2001,Tuberculosis,76,3741.870191,71.15251427,1.5513,12914667.0,SouthAmerica
Ecuador,2002,Bronchitis,343,3827.360221,97.35246488,1.5753,13143465.0,SouthAmerica
Ecuador,2002,Tuberculosis,88,3827.360221,97.35246488,1.5753,13143465.0,SouthAmerica
Ecuador,2003,Bronchitis,347,3865.0528770000014,132.3926011,1.5064,13369678.0,SouthAmerica
Ecuador,2003,Tuberculosis,79,3865.0528770000014,132.3926011,1.5064,13369678.0,SouthAmerica
Ecuador,2004,Bronchitis,364,4112.674443,150.34760390000002,3.177746466337598,13596388.0,SouthAmerica
Ecuador,2004,Tuberculosis,66,4112.674443,150.34760390000002,3.177746466337598,13596388.0,SouthAmerica
Ecuador,2005,Bronchitis,362,4258.421612,168.57610669999997,3.1775645709352234,13825847.0,SouthAmerica
Ecuador,2005,Tuberculosis,86,4258.421612,168.57610669999997,3.1775645709352234,13825847.0,SouthAmerica
Ecuador,2006,Bronchitis,360,4372.091869,190.5664892,3.1826771509653162,14059384.0,SouthAmerica
Ecuador,2006,Tuberculosis,81,4372.091869,190.5664892,3.1826771509653162,14059384.0,SouthAmerica
Ecuador,2007,Bronchitis,329,4393.724104999998,210.59259500000002,3.193579627765067,14296557.0,SouthAmerica
Ecuador,2007,Tuberculosis,82,4393.724104999998,210.59259500000002,3.193579627765067,14296557.0,SouthAmerica
Ecuador,2008,Bronchitis,284,4596.145182,248.64878629999998,3.2035503516467156,14535739.0,SouthAmerica
Ecuador,2008,Tuberculosis,75,4596.145182,248.64878629999998,3.2035503516467156,14535739.0,SouthAmerica
Ecuador,2009,Bronchitis,292,4547.509301,274.00588730000004,1.6073,14774424.0,SouthAmerica
Ecuador,2009,Tuberculosis,64,4547.509301,274.00588730000004,1.6073,14774424.0,SouthAmerica
Ecuador,2010,Bronchitis,244,4633.590358,331.6893003,2.1219,15011117.0,SouthAmerica
Ecuador,2010,Tuberculosis,50,4633.590358,331.6893003,2.1219,15011117.0,SouthAmerica
Ecuador,2011,Bronchitis,240,4921.848409,410.8297528,1.6654,15243883.0,SouthAmerica
Ecuador,2011,Tuberculosis,68,4921.848409,410.8297528,1.6654,15243883.0,SouthAmerica
Ecuador,2012,Bronchitis,266,5122.18009,483.5228485,3.3274593698594153,15474102.0,SouthAmerica
Ecuador,2012,Tuberculosis,59,5122.18009,483.5228485,3.3274593698594153,15474102.0,SouthAmerica
Ecuador,2013,Bronchitis,278,5295.682696,519.9339759,3.3385519924454896,15707474.0,SouthAmerica
Ecuador,2013,Tuberculosis,75,5295.682696,519.9339759,3.3385519924454896,15707474.0,SouthAmerica
Ecuador,2014,Bronchitis,296,5412.131646,551.4692807,3.3504325539052036,15951838.0,SouthAmerica
Ecuador,2014,Tuberculosis,63,5412.131646,551.4692807,3.3504325539052036,15951838.0,SouthAmerica
Ecuador,2015,Bronchitis,285,5330.539154,528.201462,2.0734,16212020.0,SouthAmerica
Ecuador,2015,Tuberculosis,64,5330.539154,528.201462,2.0734,16212020.0,SouthAmerica
Ecuador,2016,Bronchitis,299,5176.058803,504.782482,2.05,16491115.0,SouthAmerica
Ecuador,2016,Tuberculosis,61,5176.058803,504.782482,2.05,16491115.0,SouthAmerica
Ecuador,2017,Bronchitis,286,5205.76302,-40.04053711004394,2.9193584988666883,16785361.0,SouthAmerica
Ecuador,2017,Tuberculosis,78,5205.76302,-40.04053711004394,2.9193584988666883,16785361.0,SouthAmerica
Mexico,1998,Bronchitis,3911,8835.875543,863.4545986945325,1.2,96056321.0,CentralAmerica
Mexico,1998,Tuberculosis,446,8835.875543,863.4545986945325,1.2,96056321.0,CentralAmerica
Mexico,1999,Bronchitis,3906,8946.132877,884.7257261623802,1.7,97484832.0,CentralAmerica
Mexico,1999,Tuberculosis,429,8946.132877,884.7257261623802,1.7,97484832.0,CentralAmerica
Mexico,2000,Bronchitis,3422,9253.968046,309.6332636,1.9259,98899845.0,CentralAmerica
Mexico,2000,Tuberculosis,390,9253.968046,309.6332636,1.9259,98899845.0,CentralAmerica
Mexico,2001,Bronchitis,3143,9088.053319,353.903415,1.5,100298153.0,CentralAmerica
Mexico,2001,Tuberculosis,340,9088.053319,353.903415,1.5,100298153.0,CentralAmerica
Mexico,2002,Bronchitis,3157,8960.554086,375.24238199999996,1.5,101684758.0,CentralAmerica
Mexico,2002,Tuberculosis,337,8960.554086,375.24238199999996,1.5,101684758.0,CentralAmerica
Mexico,2003,Bronchitis,3016,8967.029190000001,401.454563,1.5,103081020.0,CentralAmerica
Mexico,2003,Tuberculosis,363,8967.029190000001,401.454563,1.5,103081020.0,CentralAmerica
Mexico,2004,Bronchitis,2847,9190.741592,435.2888586,2.893,104514932.0,CentralAmerica
Mexico,2004,Tuberculosis,344,9190.741592,435.2888586,2.893,104514932.0,CentralAmerica
Mexico,2005,Bronchitis,2678,9270.656542,472.1081183,1.749,106005203.0,CentralAmerica
Mexico,2005,Tuberculosis,382,9270.656542,472.1081183,1.749,106005203.0,CentralAmerica
Mexico,2006,Bronchitis,2524,9547.333571,501.03757029999997,1.864,107560153.0,CentralAmerica
Mexico,2006,Tuberculosis,573,9547.333571,501.03757029999997,1.864,107560153.0,CentralAmerica
Mexico,2007,Bronchitis,2249,9622.047957,542.7859539,1.888,109170502.0,CentralAmerica
Mexico,2007,Tuberculosis,597,9622.047957,542.7859539,1.888,109170502.0,CentralAmerica
Mexico,2008,Bronchitis,2076,9587.636339,527.9523808,1.925,110815271.0,CentralAmerica
Mexico,2008,Tuberculosis,568,9587.636339,527.9523808,1.925,110815271.0,CentralAmerica
Mexico,2009,Bronchitis,2007,8947.741473999999,450.03201730000006,1.959,112463887.0,CentralAmerica
Mexico,2009,Tuberculosis,535,8947.741473999999,450.03201730000006,1.959,112463887.0,CentralAmerica
Mexico,2010,Bronchitis,2120,9271.398233,518.5691456999998,2.1747,114092963.0,CentralAmerica
Mexico,2010,Tuberculosis,381,9271.398233,518.5691456999998,2.1747,114092963.0,CentralAmerica
Mexico,2011,Bronchitis,1808,9477.887185,547.2699909,2.0405,115695473.0,CentralAmerica
Mexico,2011,Tuberculosis,393,9477.887185,547.2699909,2.0405,115695473.0,CentralAmerica
Mexico,2012,Bronchitis,1654,9690.869065,562.9292717000002,2.0497,117274155.0,CentralAmerica
Mexico,2012,Tuberculosis,411,9690.869065,562.9292717000002,2.0497,117274155.0,CentralAmerica
Mexico,2013,Bronchitis,1825,9693.722969,604.3098071000003,2.0915,118827161.0,CentralAmerica
Mexico,2013,Tuberculosis,376,9693.722969,604.3098071000003,2.0915,118827161.0,CentralAmerica
Mexico,2014,Bronchitis,1584,9839.050191,585.8949875,2.1383,120355128.0,CentralAmerica
Mexico,2014,Tuberculosis,681,9839.050191,585.8949875,2.1383,120355128.0,CentralAmerica
Mexico,2015,Bronchitis,1549,10037.20149,525.1862332,2.2513,121858258.0,CentralAmerica
Mexico,2015,Tuberculosis,623,10037.20149,525.1862332,2.2513,121858258.0,CentralAmerica
Mexico,2016,Bronchitis,1569,10205.79575,461.7866471,2.2478,123333376.0,CentralAmerica
Mexico,2016,Tuberculosis,635,10205.79575,461.7866471,2.2478,123333376.0,CentralAmerica
Mexico,2017,Bronchitis,1497,10301.35788,1207.5217705465373,2.4122784106968873,124777324.0,CentralAmerica
Mexico,2017,Tuberculosis,834,10301.35788,1207.5217705465373,2.4122784106968873,124777324.0,CentralAmerica
Peru,1999,Bronchitis,206,3203.713757,-204.2390194403472,1.1658,26078293.0,SouthAmerica
Peru,1999,Tuberculosis,639,3203.713757,-204.2390194403472,1.1658,26078293.0,SouthAmerica
Peru,2000,Bronchitis,283,3242.579157,90.22376870000001,3.0791695845427665,26459944.0,SouthAmerica
Peru,2000,Tuberculosis,463,3242.579157,90.22376870000001,3.0791695845427665,26459944.0,SouthAmerica
Peru,2001,Bronchitis,311,3221.302547,97.60201032,3.083096307512413,26799285.0,SouthAmerica
Peru,2001,Tuberculosis,554,3221.302547,97.60201032,3.083096307512413,26799285.0,SouthAmerica
Peru,2002,Bronchitis,316,3359.162687,106.1733943,3.0756747203868464,27100968.0,SouthAmerica
Peru,2002,Tuberculosis,528,3359.162687,106.1733943,3.0756747203868464,27100968.0,SouthAmerica
Peru,2003,Bronchitis,386,3464.396878,112.22939380000001,3.0692567781938753,27372226.0,SouthAmerica
Peru,2003,Tuberculosis,578,3464.396878,112.22939380000001,3.0692567781938753,27372226.0,SouthAmerica
Peru,2004,Bronchitis,442,3602.999725,117.21864609999999,3.059589430050987,27624213.0,SouthAmerica
Peru,2004,Tuberculosis,624,3602.999725,117.21864609999999,3.059589430050987,27624213.0,SouthAmerica
Peru,2005,Bronchitis,346,3796.2034,123.54437539999999,3.046689827949277,27866145.0,SouthAmerica
Peru,2005,Tuberculosis,553,3796.2034,123.54437539999999,3.046689827949277,27866145.0,SouthAmerica
Peru,2006,Bronchitis,354,4047.748036,141.7040978,3.0380224080291285,28102056.0,SouthAmerica
Peru,2006,Tuberculosis,589,4047.748036,141.7040978,3.0380224080291285,28102056.0,SouthAmerica
Peru,2007,Bronchitis,434,4356.738965,158.7488973,1.6672,28333052.0,SouthAmerica
Peru,2007,Tuberculosis,548,4356.738965,158.7488973,1.6672,28333052.0,SouthAmerica
Peru,2008,Bronchitis,334,4716.197262,188.6062133,3.0155734571748556,28562317.0,SouthAmerica
Peru,2008,Tuberculosis,708,4716.197262,188.6062133,3.0155734571748556,28562317.0,SouthAmerica
Peru,2009,Bronchitis,319,4729.735977,206.7767353,0.9404,28792655.0,SouthAmerica
Peru,2009,Tuberculosis,652,4729.735977,206.7767353,0.9404,28792655.0,SouthAmerica
Peru,2010,Bronchitis,388,5082.354757,238.69629840000002,0.92,29027674.0,SouthAmerica
Peru,2010,Tuberculosis,621,5082.354757,238.69629840000002,0.92,29027674.0,SouthAmerica
Peru,2011,Bronchitis,314,5360.226632,264.8194367,3.0145260918259336,29264318.0,SouthAmerica
Peru,2011,Tuberculosis,572,5360.226632,264.8194367,3.0145260918259336,29264318.0,SouthAmerica
Peru,2012,Bronchitis,363,5642.578115,303.3497593,1.1164,29506788.0,SouthAmerica
Peru,2012,Tuberculosis,517,5642.578115,303.3497593,1.1164,29506788.0,SouthAmerica
Peru,2013,Bronchitis,430,5919.209568,318.6886055,3.0054448362690867,29773987.0,SouthAmerica
Peru,2013,Tuberculosis,415,5919.209568,318.6886055,3.0054448362690867,29773987.0,SouthAmerica
Peru,2014,Bronchitis,527,5996.496965,331.8674472,3.0060998302812596,30090359.0,SouthAmerica
Peru,2014,Tuberculosis,452,5996.496965,331.8674472,3.0060998302812596,30090359.0,SouthAmerica
Peru,2015,Bronchitis,473,6114.227214000001,314.0114255,2.979886557243203,30470734.0,SouthAmerica
Peru,2015,Tuberculosis,486,6114.227214000001,314.0114255,2.979886557243203,30470734.0,SouthAmerica
Peru,2016,Bronchitis,538,6262.3689049999975,316.437135,1.27,30926032.0,SouthAmerica
Peru,2016,Tuberculosis,292,6262.3689049999975,316.437135,1.27,30926032.0,SouthAmerica
Peru,2017,Bronchitis,396,6314.291438,175.6864900572823,2.851995902039884,31444297.0,SouthAmerica
Peru,2017,Tuberculosis,365,6314.291438,175.6864900572823,2.851995902039884,31444297.0,SouthAmerica
Puerto Rico,1999,Bronchitis,36,23460.46301,1909.283936584526,3.046819482738852,3800081.0,Caribbean
Puerto Rico,1999,Tuberculosis,5,23460.46301,1909.283936584526,3.046819482738852,3800081.0,Caribbean
Puerto Rico,2000,Bronchitis,40,24161.16874,1987.3162446415865,3.049237581341038,3810605.0,Caribbean
Puerto Rico,2000,Tuberculosis,1,24161.16874,1987.3162446415865,3.049237581341038,3810605.0,Caribbean
Puerto Rico,2001,Bronchitis,40,25631.62935,2150.9826416379274,3.054379720814677,3818774.0,Caribbean
Puerto Rico,2001,Tuberculosis,4,25631.62935,2150.9826416379274,3.054379720814677,3818774.0,Caribbean
Puerto Rico,2002,Bronchitis,32,25833.2027,2173.442315386057,3.0550661046245797,3823701.0,Caribbean
Puerto Rico,2002,Tuberculosis,1,25833.2027,2173.442315386057,3.0550661046245797,3823701.0,Caribbean
Puerto Rico,2003,Bronchitis,42,25830.83019,2173.1934188832565,3.0550461047942012,3826095.0,Caribbean
Puerto Rico,2003,Tuberculosis,2,25830.83019,2173.1934188832565,3.0550461047942012,3826095.0,Caribbean
Puerto Rico,2004,Bronchitis,39,28084.93857,2424.0080297431523,3.0629857030187697,3826878.0,Caribbean
Puerto Rico,2004,Tuberculosis,2,28084.93857,2424.0080297431523,3.0629857030187697,3826878.0,Caribbean
Puerto Rico,2005,Bronchitis,37,27566.64216000001,2366.303566490402,3.0611860609976986,3821362.0,Caribbean
Puerto Rico,2005,Tuberculosis,1,27566.64216000001,2366.303566490402,3.0611860609976986,3821362.0,Caribbean
Puerto Rico,2006,Bronchitis,32,27293.44847,2335.804138248568,3.0603018438370606,3805214.0,Caribbean
Puerto Rico,2006,Tuberculosis,1,27293.44847,2335.804138248568,3.0603018438370606,3805214.0,Caribbean
Puerto Rico,2007,Bronchitis,32,27134.51941,2317.9804231520448,3.0598498076074496,3782995.0,Caribbean
Puerto Rico,2007,Tuberculosis,6,27134.51941,2317.9804231520448,3.0598498076074496,3782995.0,Caribbean
Puerto Rico,2008,Bronchitis,22,26790.83808,2279.600296966768,3.058746272790724,3760866.0,Caribbean
Puerto Rico,2009,Bronchitis,23,26411.42332,2237.254734281504,3.057508680708199,3740410.0,Caribbean
Puerto Rico,2009,Tuberculosis,1,26411.42332,2237.254734281504,3.057508680708199,3740410.0,Caribbean
Puerto Rico,2010,Bronchitis,25,26435.74879,2239.8423587662255,3.057686218228453,3721525.0,Caribbean
Puerto Rico,2010,Tuberculosis,1,26435.74879,2239.8423587662255,3.057686218228453,3721525.0,Caribbean
Puerto Rico,2011,Bronchitis,27,26647.38627,2263.1211052315066,3.0586400734542716,3678732.0,Caribbean
Puerto Rico,2012,Bronchitis,34,26979.67102,2299.81486329409,3.06002614024898,3634488.0,Caribbean
Puerto Rico,2012,Tuberculosis,1,26979.67102,2299.81486329409,3.06002614024898,3634488.0,Caribbean
Puerto Rico,2013,Bronchitis,21,27206.88275,2324.835231901792,3.061028159601605,3593077.0,Caribbean
Puerto Rico,2013,Tuberculosis,2,27206.88275,2324.835231901792,3.061028159601605,3593077.0,Caribbean
Puerto Rico,2014,Bronchitis,19,27325.6608,2337.6845971886723,3.0617297017478564,3534874.0,Caribbean
Puerto Rico,2014,Tuberculosis,1,27325.6608,2337.6845971886723,3.0617297017478564,3534874.0,Caribbean
Puerto Rico,2015,Bronchitis,26,27519.29543,2358.8410001068614,3.0627120767177174,3473166.0,Caribbean
Puerto Rico,2015,Tuberculosis,2,27519.29543,2358.8410001068614,3.0627120767177174,3473166.0,Caribbean
Puerto Rico,2016,Bronchitis,14,27703.5236,2378.9194891258803,3.0636854328079166,3406495.0,Caribbean
Puerto Rico,2016,Tuberculosis,1,27703.5236,2378.9194891258803,3.0636854328079166,3406495.0,Caribbean
Puerto Rico,2017,Bronchitis,19,27628.28691000001,2370.034477000161,3.063816509787272,3325001.0,Caribbean
Puerto Rico,2017,Tuberculosis,1,27628.28691000001,2370.034477000161,3.063816509787272,3325001.0,Caribbean
United States,1999,Bronchitis,1476,43434.69267,5866.388653344764,2.2,279040000.0,NorthernAmerica
United States,1999,Tuberculosis,168,43434.69267,5866.388653344764,2.2,279040000.0,NorthernAmerica
United States,2000,Bronchitis,1402,44726.9654,4559.888377,2.5917,282162411.0,NorthernAmerica
United States,2000,Tuberculosis,161,44726.9654,4559.888377,2.5917,282162411.0,NorthernAmerica
United States,2001,Bronchitis,1160,44728.59748,4910.552132,2.2,284968955.0,NorthernAmerica
United States,2001,Tuberculosis,165,44728.59748,4910.552132,2.2,284968955.0,NorthernAmerica
United States,2002,Bronchitis,1162,45087.36728,5328.066135,2.3,287625193.0,NorthernAmerica
United States,2002,Tuberculosis,159,45087.36728,5328.066135,2.3,287625193.0,NorthernAmerica
United States,2003,Bronchitis,1079,45980.51458,5736.8592,1.375702612342923,290107933.0,NorthernAmerica
United States,2003,Tuberculosis,149,45980.51458,5736.8592,1.375702612342923,290107933.0,NorthernAmerica
United States,2004,Bronchitis,944,47287.59377,6099.514864,2.713,292805298.0,NorthernAmerica
United States,2004,Tuberculosis,154,47287.59377,6099.514864,2.713,292805298.0,NorthernAmerica
United States,2005,Bronchitis,1085,48499.81238,6451.471251,2.9401,295516599.0,NorthernAmerica
United States,2005,Tuberculosis,168,48499.81238,6451.471251,2.9401,295516599.0,NorthernAmerica
United States,2006,Bronchitis,878,49405.7673,6819.389912000002,2.402,298379912.0,NorthernAmerica
United States,2006,Tuberculosis,162,49405.7673,6819.389912000002,2.402,298379912.0,NorthernAmerica
United States,2007,Bronchitis,806,49856.28149,7175.472098,2.41,301231207.0,NorthernAmerica
United States,2007,Tuberculosis,131,49856.28149,7175.472098,2.41,301231207.0,NorthernAmerica
United States,2008,Bronchitis,891,49319.47886,7420.259728,2.416,304093966.0,NorthernAmerica
United States,2008,Tuberculosis,136,49319.47886,7420.259728,2.416,304093966.0,NorthernAmerica
United States,2009,Bronchitis,795,47648.81325,7698.896751,2.422,306771529.0,NorthernAmerica
United States,2009,Tuberculosis,124,47648.81325,7698.896751,2.422,306771529.0,NorthernAmerica
United States,2010,Bronchitis,741,48466.82338,7957.729295999998,2.4383,309326085.0,NorthernAmerica
United States,2010,Tuberculosis,146,48466.82338,7957.729295999998,2.4383,309326085.0,NorthernAmerica
United States,2011,Bronchitis,775,48862.42494,8165.461327,2.4683,311580009.0,NorthernAmerica
United States,2011,Tuberculosis,145,48862.42494,8165.461327,2.4683,311580009.0,NorthernAmerica
United States,2012,Bronchitis,752,49596.42192,8438.337417,2.5041,313874218.0,NorthernAmerica
United States,2012,Tuberculosis,134,49596.42192,8438.337417,2.5041,313874218.0,NorthernAmerica
United States,2013,Bronchitis,837,50161.07582,8638.820072,2.5666,316057727.0,NorthernAmerica
United States,2013,Tuberculosis,147,50161.07582,8638.820072,2.5666,316057727.0,NorthernAmerica
United States,2014,Bronchitis,733,51015.13548,9053.431717,2.5817,318386421.0,NorthernAmerica
United States,2014,Tuberculosis,154,51015.13548,9053.431717,2.5817,318386421.0,NorthernAmerica
United States,2015,Bronchitis,795,52099.26976,9524.35059,2.5858,320742673.0,NorthernAmerica
United States,2015,Tuberculosis,126,52099.26976,9524.35059,2.5858,320742673.0,NorthernAmerica
United States,2016,Bronchitis,655,52534.36528,9869.742381999999,2.5948,323071342.0,NorthernAmerica
United States,2016,Tuberculosis,141,52534.36528,9869.742381999999,2.5948,323071342.0,NorthernAmerica
United States,2017,Bronchitis,662,53356.23624,7260.913334079254,1.589841795669757,325147121.0,NorthernAmerica
United States,2017,Tuberculosis,166,53356.23624,7260.913334079254,1.589841795669757,325147121.0,NorthernAmerica
